<model_info><model_components><categories><category name="Signal Processing"><categories><category name="Math Operations"><components><component name="KReg" type="Gain" /><component name="1_p" type="Gain" /><component name="Sum2" type="Sum" /><component name="Product2" type="Product" /><component name="Product1" type="Product" /><component name="Sum1" type="Sum" /><component name="Sum3" type="Sum" /><component name="Limit1" type="Limit" /><component name="KVinComp" type="Gain" /></components></category><category name="Discrete"><components><component name="Rate limiter" type="Rate Limiter" /><component name="GLag" type="Discrete Transfer Function" /><component name="GLead" type="Discrete Transfer Function" /></components></category><category name="Logical Operations"><components><component name="NOT" type="Logical operator" /></components></category><category name="Sources"><components><component name="Referent output voltage" type="Constant" /><component name="Output power" type="SCADA Input" /><component name="Referent input voltage" type="Constant" /><component name="Enable flyback" type="Constant" /><component name="Enable disturbance" type="SCADA Input" /></components></category><category name="Sinks"><components><component name="Duty ratio probe" type="Probe" /></components></category></categories></category><category name="Passive Components"><components><component name="RL1" type="Variable Resistor" /><component name="Cf" type="Capacitor" /></components></category><category name="Sources"><components><component name="5Hz" type="Voltage Source" /><component name="Vin" type="Voltage Source" /></components></category><category name="Contactors"><categories><category name="Ideal"><components><component name="S2" type="Single Pole Single Throw Contactor" /><component name="S1" type="Single Pole Single Throw Contactor" /></components></category></categories></category><category name="Measurements"><components><component name="IVM" type="Voltage Measurement" /><component name="Vout" type="Voltage Measurement" /><component name="Iout" type="Current Measurement" /></components></category><category name="Converters"><components><component name="Flyback1" type="Flyback" /></components></category></categories></model_components></model_info>